{
  "model_name": "user_state_kmeans_window",
  "model_version": "v1",
  "window_days": 1,
  "feature_columns": [
    "win_avg_hrv",
    "win_avg_rhr",
    "win_avg_sleep_duration_min",
    "win_avg_sleep_efficiency",
    "win_avg_steps",
    "win_avg_sedentary_minutes"
  ],
  "imputer_statistics": [
    34.072,
    66.5043077468872,
    401.0,
    0.95,
    7420.0,
    1041.0
  ],
  "scaler_mean": [
    36.05909176788124,
    66.36372725619317,
    397.2005398110661,
    0.944136302294197,
    7962.576923076923,
    1041.6894736842105
  ],
  "scaler_scale": [
    12.626379181799935,
    5.58953922994798,
    68.21131728222686,
    0.04401006254506301,
    4414.3309012681875,
    346.73848053511244
  ],
  "cluster_centers": [
    [
      -0.15130972431580453,
      -5.827898535134883e-05,
      -0.051299215334661294,
      0.13146207177970753,
      -0.2859804892840012,
      0.8604311956943759
    ],
    [
      1.0896341978661033,
      -1.119200512945469,
      0.14580453620591213,
      -0.014302028506823864,
      0.8377128035504937,
      -1.009130061614482
    ],
    [
      -0.5006415746826486,
      0.7881695487030925,
      -0.023443734999923343,
      0.02673567848418302,
      -0.05208809776391106,
      -0.86168502433319
    ],
    [
      2.388514324513135,
      -2.185895813289588,
      0.7821456387672797,
      -9.351272677157612,
      0.8868862283737932,
      -1.3929304194536238
    ]
  ],
  "cluster_interpretations": {
    "0": {
      "cluster_id": 0,
      "cluster_name": "활동 부족형",
      "description": "최근 기간 동안 활동량이 낮거나 앉아 있는 시간이 긴 상태입니다.",
      "recommendations": [
        "하루 중 10~20분 정도 가벼운 산책을 권장합니다.",
        "1시간 이상 앉아 있었다면 짧게 일어나 움직여보세요.",
        "무리한 운동보다 짧고 반복 가능한 활동 루틴을 만들어보세요."
      ],
      "cluster_mean": {
        "win_avg_hrv": 38.12772839506173,
        "win_avg_rhr": 65.90501516651175,
        "win_avg_sleep_duration_min": 268.81516587677726,
        "win_avg_sleep_efficiency": 0.949004739336493,
        "win_avg_steps": 5177.80406504065,
        "win_avg_sedentary_minutes": 1367.7527003979533
      }
    },
    "1": {
      "cluster_id": 1,
      "cluster_name": "안정 유지형",
      "description": "최근 기간 동안 수면, 심박, 회복 지표가 비교적 안정적인 상태입니다.",
      "recommendations": [
        "현재의 생활 루틴을 유지하는 것이 좋습니다.",
        "급격한 수면 패턴 변화만 주의하세요.",
        "규칙적인 활동과 수면 리듬을 계속 유지하세요."
      ],
      "cluster_mean": {
        "win_avg_hrv": 58.18136101882614,
        "win_avg_rhr": 60.04566233836822,
        "win_avg_sleep_duration_min": 407.5453840186191,
        "win_avg_sleep_efficiency": 0.9430256012412722,
        "win_avg_steps": 11663.01950867052,
        "win_avg_sedentary_minutes": 691.7471098265896
      }
    },
    "2": {
      "cluster_id": 2,
      "cluster_name": "회복 저하형",
      "description": "최근 기간 동안 HRV가 낮고 안정시 심박이 높은 상태입니다.",
      "recommendations": [
        "오늘은 고강도 운동보다 가벼운 산책이나 스트레칭을 권장합니다.",
        "충분한 수분 섭취와 휴식 시간을 확보하세요.",
        "수면 부족이 누적되지 않도록 일찍 잠드는 것이 좋습니다."
      ],
      "cluster_mean": {
        "win_avg_hrv": 27.624443126308442,
        "win_avg_rhr": 70.82056121271869,
        "win_avg_sleep_duration_min": 395.1926743602609,
        "win_avg_sleep_efficiency": 0.9449623682890115,
        "win_avg_steps": 7727.609026128266,
        "win_avg_sedentary_minutes": 742.8049929345266
      }
    },
    "3": {
      "cluster_id": 3,
      "cluster_name": "안정 유지형",
      "description": "최근 기간 동안 수면, 심박, 회복 지표가 비교적 안정적인 상태입니다.",
      "recommendations": [
        "현재의 생활 루틴을 유지하는 것이 좋습니다.",
        "급격한 수면 패턴 변화만 주의하세요.",
        "규칙적인 활동과 수면 리듬을 계속 유지하세요."
      ],
      "cluster_mean": {
        "win_avg_hrv": 66.21737931034482,
        "win_avg_rhr": 54.14557685523197,
        "win_avg_sleep_duration_min": 450.55172413793105,
        "win_avg_sleep_efficiency": 0.5325862068965518,
        "win_avg_steps": 11877.586206896553,
        "win_avg_sedentary_minutes": 558.7068965517242
      }
    }
  }
}